index,midnight_wallet_address,did_you_complete_the_flow,where_did_you_get_stuck_or_what_confused_you,one_thing_you_would_change,how_easy_was_it
0,mn_addr_preprod1cfwmddaehr55nfumnmd5cmxll0k4t2g47fqzzus3frwregtx62ds7k0el7,Yes all the way,,Add a short progress indicator,5
1,mn_addr_preprod1qm6nlp8w58vymv8u57nwtggwmf5ttut65cfdt4krvku3gmvlw57s8x6pcf,Yes all the way,Nothing was confusing,Make the transaction status more visible,5
2,mn_addr_preprod1sjzf7mgu9v7ypa6lwr2ra93999rf58p4kyz7pshez4ls3zgr2alqvleryc,Yes all the way,The flow was straightforward,Add clearer confirmation messages,5
3,mn_addr_preprod1xtxzn3vfryvzw9y6qylu4f7stx8c9klq6tj9mgtq6pr969dcngqsdh02la,Yes all the way,No major confusion,Make the loading state clearer,4
4,mn_addr_preprod1mul8daujmfrqt0g7q7ckgetavvt27xryp5lxtn0u8xywfj4g3ghqkp63w3,Partly,I was not sure whether the transaction had finished,Show transaction progress more clearly,4
5,mn_addr_preprod1l9h77ptf85gl9ts49lczq0l0p9n2mtjkz9gwvmjpxd8wacetxyyqf0dtpj,Yes all the way,Everything was clear,Add a short onboarding guide,5
6,mn_addr_preprod1xjw0l8e2xymw3v43cq42ajexpvn0mrsx247vuyarused5ekzvmfqcmcl8h,Yes all the way,No issues during the flow,Improve confirmation feedback,5
7,mn_addr_preprod1h52959cwtsz06m8nh5ln538wze044gfhykxjyevmkypts6yurvlsa4c3jk,Partly,The wallet connection step was slightly unclear,Make wallet connection instructions clearer,4
8,mn_addr_preprod1f9cpvrpa5gww3swmwx9jplemsczxawf663jrp8q2h390d3tskg2qd7uwqa,Yes all the way,Nothing got me stuck,Make buttons more descriptive,5
9,mn_addr_preprod170xsech804c7ylh5y0l53vgjzcwyffcvz2mppdnhuru7dk6wys7spslt4u,Yes all the way,The steps were easy to follow,Add more transaction details,5
10,mn_addr_preprod1htv5sv6fmfattqz6t920z47fehu9d37qrwhar0dlvp50kezrpjwqlk2zs0,Yes all the way,No confusion,Reduce the number of confirmation screens,5
11,mn_addr_preprod1zqtue2ty8xm9asdx06dy4tf8dphdz8jdahu53rzevjj7kpjx49qqx8e7ye,Partly,I was unsure what to do after submitting,Add clearer next-step instructions,4
12,mn_addr_preprod1lklvgrhktacjrpt9l4z87k960l4kcuq840t40gnva3gkjgsdsx3sv9aq57,Yes all the way,Everything worked as expected,Add a progress indicator,5
13,mn_addr_preprod17xevpj9knmqz4dldvuf9nuxl2v6j4mj8da4ajmhwa0fq2mprn52qhdesrk,Yes all the way,No confusing steps,Make the success state more obvious,5
14,mn_addr_preprod1jv4qenyzzq8t9qe4jljgptdf4qlv5cwpyap60j02sy42pes2dj9sg3gsf0,Yes all the way,The interface was intuitive,Add a transaction history shortcut,5
15,mn_addr_preprod1s3dujfg95e3y5ham0sqknrdl63t86y6k3mpn0xewlw7ae3cupflszuc5xw,Partly,I had some uncertainty around the final step,Explain the final step more clearly,4
16,mn_addr_preprod1m0fxz0az83wgwzncnse6t9dwqfygq3r2s2hlknn0s6jnajd56dgq7wve7f,Yes all the way,Nothing confusing,Make the UI slightly faster,5
17,mn_addr_preprod1qdu4a8l9pynxrray7sq6zywuwu2vnvur62fpx2dy342rp69h0xes000sst,Yes all the way,No issues,Add clearer error messages,5
18,mn_addr_preprod1xwalehk2azjstd9yrl697fqfdl3ncd4j4396c485k0qp6ndwhhmqjxr7x8,Yes all the way,The flow was clear,Show wallet state more prominently,5
19,mn_addr_preprod182qx8xr78h2r6vuheqctnf7fdku3p0awg69frzgscrp0umqsua8qxsvg8g,Partly,I was confused by the loading screen,Use a clearer loading message,3
20,mn_addr_preprod1w636cuh72qj9l7dmg4xg5wzake6p3k36qwfrtqd8wdwzv9mv29zqu6w47z,Yes all the way,No major problems,Add a simple progress bar,5
21,mn_addr_preprod1ajd6rkfewrfzv6pqk3lpcr4q2pasedw9m4rhr8ut5y5rxm3w74kqrw4dqk,Yes all the way,Everything was easy to understand,Improve mobile spacing,5
22,mn_addr_preprod1xt35u3g3nhh7rsvg2zatz2vft42gkq3wcukpkywdffxg50gc2m9sm6ep3r,Partly,I was unsure if my wallet was connected,Show a clearer connected state,4
23,mn_addr_preprod1jpzll398z3t6nee92ggtzhxhnj672mnmm2hkukldh2sak8ygw73qtzuvtg,Yes all the way,Nothing got stuck,Add more explanatory tooltips,5
24,mn_addr_preprod1nyyk6n2w6n3npr2lp76afqmvwgau2u9gdedpnnn68l3fgcp8rrzq7u7e0m,Yes all the way,No confusion during testing,Make the success notification more visible,5
25,mn_addr_preprod1sn0a6mc26z56vz30llnxcnw9gea7kkwtq628rac6j3k69mf7gdrqpdp4uh,Yes all the way,The entire flow was clear,No major changes needed,5
26,mn_addr_preprod103udfpd350fmh7e50v42dxn84tfw0kel0pq2y68d3yrlsfwle3psudp2xq,Yes all the way,No issues,Make transaction details easier to find,5
27,mn_addr_preprod1enntps93ldltf42u70gmtc886wpte3h6flc7cg8vg9nusjll0kwq07sayd,Partly,The transaction waiting time was unclear,Show an estimated waiting state,4
28,mn_addr_preprod18tkg5wugzgvlwpjm35ftxmlmznzxrj7m38m2q5fzurhg0pd52vsqphrg9l,Yes all the way,Everything was understandable,Improve button labels,5
29,mn_addr_preprod1q4sxaaqu065hkpgql9hutpxakzt0n25kch496tkmd7rxkxnnzu4qgjl25m,Yes all the way,No problems,Make the first screen more informative,5
30,mn_addr_preprod1le9jjft6xlcmqdzt94ewzws99889mn56fx6agqegx5fmqfkgjjcs7s0a74,Yes all the way,The flow was straightforward,Add a retry option when something fails,5
31,mn_addr_preprod1rfmf927r2nguyx4h9hhuxxqmn5h6w5lkgctjmtf5sgj5kfgc56xslqkjqt,Partly,I was confused about the transaction state,Make transaction states more explicit,3
32,mn_addr_preprod17ldlmyfc435lwyydwzdntafvxjenze3pc4v8zusku90y7ner3sqs8wkvku,Yes all the way,Nothing was confusing,Add clearer success feedback,5
33,mn_addr_preprod1q6jx7v06k2kdt3um2wd046x8pvdn7h0amqh2waff9anmmxurvj9qse0fms,Yes all the way,No issues,The flow could be slightly faster,5
34,mn_addr_preprod1d87m08wgwy8ndtx9nsmzjcal648vf98mtz7u8q7cant3dd2r9fyqn2v8dg,Yes all the way,Everything was clear,Add more context around each action,4
35,mn_addr_preprod1k89m98zvx65xw4d32laen274gs6qc8mjplacpa0hcxa7t98xgx0spg47nl,Partly,I was unsure what the final confirmation meant,Use simpler confirmation wording,4
36,mn_addr_preprod1mkhngfk7dej0yf3wf0xd3zlqkjmwfy6nl8pgyxs2ehp80xtzu7sq2ry949,Yes all the way,No confusion,Improve navigation between steps,5
37,mn_addr_preprod1h7x8f5ngsfc4urpkcu3zukguyz8cfmucm8um3ee8y3vdfzdum6estdcrg3,Yes all the way,Everything worked smoothly,Show more detailed transaction status,5
38,mn_addr_preprod1yyf2ns8u4mmlcp0ka944zpdk9wvr2ddqdjrw4d633djsqxf4r5vsqv57gq,Yes all the way,The flow was easy to follow,Add clearer wallet connection feedback,5
39,mn_addr_preprod16e4qa7punefu37afm47hlyjds2damuf0ltl0sd5knhrql6q4r8aslqnfwd,Partly,The waiting state was confusing,Explain why the app is waiting,3
40,mn_addr_preprod1ytdpvf79nfc4hudh84stwh78k23dk0wmee0vhhhpy4gxrhd0zjxsjvhaxh,Yes all the way,No major issues,Make the UI more compact,5
41,mn_addr_preprod13xd3af7cm79cyr9py2sastmhp7eejgm20ed039f9u7h7qatxgjnqnsc468,Yes all the way,Everything was clear,No changes needed,5
42,mn_addr_preprod10kkshw9yf5tr69wd0w7u5jj3pkyrfzwftkhs9dfkc2necc3gsa4qun20zn,Yes all the way,No confusion,Make the transaction result easier to verify,5
43,mn_addr_preprod10aqqjwe98wc973keft9lnmcame9knkphaal6hpfg082m2u3tgtpscplegw,Partly,I did not immediately understand the next action,Add a clearer call to action,4
44,mn_addr_preprod1cfwua86rmahtqjpq6l3e2fmpjddf847jer97yqw5q5tyrpfh2vrq9kvx5j,Yes all the way,The instructions were clear,Add a short explanation for new users,5
45,mn_addr_preprod19pcln3atvtvnntdnx9z6grq5scc58wtmtjuf95ds5v0fv4t87v6qk0fe2r,Yes all the way,No issues,Improve confirmation animation,5
46,mn_addr_preprod193px9q8us68y3xual2g626pkgzgz80amzuqcz03e638glnlsxngqm8ss6d,Yes all the way,Everything worked as expected,Make status updates more prominent,5
47,mn_addr_preprod1rtzt92qscaku46an4fwvna8pw3u9ahhqje72dkf4w8gf86vjpjns4q5aa0,Partly,The wallet connection feedback was not obvious,Show connection status more clearly,4
48,mn_addr_preprod15znx5427pvaadtsf3kgh2v32y5mm4j6m06ez24cs07haqtu9t7wqezjac3,Yes all the way,No confusion,Make the flow shorter,5
49,mn_addr_preprod146t3jcmeuds3wp3fva5v2lwe07rvvwh0dt3sfm259uyyw444us9q6cwpt9,Yes all the way,Very straightforward,Add more detailed error recovery instructions,5
50,mn_addr_preprod1lvtexe07f4fvrsyfkgaf9492dfp3las8uhf2jhzj7uqfj9dlxj4qd208h4,Yes all the way,No issues during the test,Make transaction information easier to access,5
51,mn_addr_preprod1a895gxyjqxvekr9alkg03lwfhhd05tqkmefamc04hyv5znqx4p9q2anrfj,Partly,I was unsure whether the action had been submitted,Add a clear submitted state,4
52,mn_addr_preprod12wf20ga4fa5d94lm0l9hkly8jukak9dxzcudxcfsklwn0zsdyjwslzwp8s,Yes all the way,Everything was easy to understand,Improve loading feedback,5
53,mn_addr_preprod167zh0smym3qfme3qxscuefvv76tx8jm5rm08xgdnw7e2szvtta9qqy77cg,Yes all the way,No confusing parts,Add a visible activity history,5
54,mn_addr_preprod1rj673nyv4lp5z2yt2phyztud5a2vk07vtuukzcjtxlw4rwvq79estftftf,Yes all the way,The flow was clear,Make the confirmation step faster,5
55,mn_addr_preprod14pxge8cwteepn5ftavm4vc88myl846wstv75c90kyekyj7wasmqs36u4ja,Partly,Some terminology was unclear,Use simpler wording for technical terms,3
56,mn_addr_preprod16qtq0kxe88h32wr3anlngp03h46u6y95rdp5k82k8pds39l2wq9ql096j6,Yes all the way,No issues,Add a small progress indicator,5
57,mn_addr_preprod19chjs9l5xfms2kl4q24jykv2lp3tq0yxfv4wa39ujum8n0u9dmfscrg4gr,Yes all the way,Everything worked smoothly,No major changes needed,5
58,mn_addr_preprod1vpdczczpnwgmjgavp5rgc6a8mvzemtywgzeuxudctgjfazaztn2qkrws5c,Yes all the way,The flow was understandable,Make transaction feedback more detailed,4
59,mn_addr_preprod1ktevkpw54hqhvszrdshyctwlc8u3an5vzw024h4xu77k2lmsne4sdvv3y9,Partly,I was confused during the confirmation step,Explain the confirmation step better,4
60,mn_addr_preprod1x0u5j6zwha78pwspnp6cgle7ctraz0lxwj263l2djq5q5s4x8pks99npg4,Yes all the way,Nothing was confusing,Make the success state more visible,5
61,mn_addr_preprod1m7ake5n9e394dy5n65uqvww09vls3fef4cdrhu0w33ukcjzvx8nslc6fl4,Yes all the way,No issues,Reduce unnecessary steps,5
62,mn_addr_preprod1al7rysvntazlh3pdamrwq9agqjrx4q9atlwhs4tpu8rl42z5tm5sfc4emg,Yes all the way,Everything was clear,Improve mobile responsiveness,5
63,mn_addr_preprod186dag765t5cz7v4wsshc6uztxwg7kprj4e08x9hu6z0c720n2wtq87lypl,Partly,I was not sure what was happening while waiting,Add better waiting-state messaging,3
64,mn_addr_preprod1ynk6xh8l2uaxqhv9n8lt033tlk6e7kmvkaaze6gy4jswydgdtm3sjazwyn,Yes all the way,No major confusion,Make the main action more prominent,5
65,mn_addr_preprod19htx33dxtt5zrrkqk3lvjrtcnhzahu0vd8p2rwl2qt87f672gy8smlgapw,Yes all the way,The flow was very clear,No changes needed,5
66,mn_addr_preprod1xry3w550ex6av00kzkagxwqdyeyjzs6x4gvxlcw7rs8mg3dp4pvqnenzmh,Yes all the way,No issues during testing,Improve transaction status visibility,5
67,mn_addr_preprod1c5r6d03kej7tnnkg94grl2cqhxy4x8fq96wmrl6ju6msym8mc22sxr02pp,Partly,I found one of the instructions unclear,Add examples to the instructions,3
68,mn_addr_preprod164eheelm8ksmra4258gmkqg86kdstz2wxzfrmxv7l4kdwnp6wnksadx0z2,Yes all the way,Everything was straightforward,Add clearer completion feedback,5
69,mn_addr_preprod1dek5sq96vlms3lt3s4669rg6nz3l8jwlc9h9jsqlm4fv8kul893qy70pru,Yes all the way,No confusing parts,Make the interface slightly cleaner,5
70,mn_addr_preprod1sekvumxmkvahq33k09fee47zu2y2hdhmzzf8nwycnn4qcy7t4kaq9xcfka,Yes all the way,The flow was easy to understand,Show transaction progress in real time,5
71,mn_addr_preprod1awdztgpuuujlfs4d6mqj4utu889a3unpjp23lczxrls87jp0utlq00gvzu,Partly,I was unsure about the final result,Make the final result more explicit,4
72,mn_addr_preprod1h09gkwdf3m4q6ppwerfuyrcqzuc7kq9agva0nnljpls7xwwsjptqduu0df,Yes all the way,No issues,Add a quick-start explanation,5
73,mn_addr_preprod1jnqc2xwdnggtgmyae8p30ycauhf469y3yyeltkwnnugxdslryq9q43geae,Yes all the way,Everything was smooth,Improve transaction history visibility,5
74,mn_addr_preprod1nx8qx8vjr9ygnen759zywvqdtq2lsf6we0wpv752204zrd0arzsq4d2d6z,Yes all the way,No confusion,Make confirmation messages shorter,5
75,mn_addr_preprod152q4cfsdy2yufskkwkjy4vz6pchelhfanvkz3h2wtagtpvzcl0dsvh2ch0,Partly,I needed a little more context around the transaction,Add more transaction context,4
76,mn_addr_preprod1nqehl29uda7gvjnry036ny33zq9kp8z8gyqvmegtkgkh9fgkydqq7uhylq,Yes all the way,The flow was simple,Add clearer progress feedback,5
77,mn_addr_preprod15lhlzkgg2qxcsp3ss0p5hj43fm90f3q7s90fgprpt2244xs4p4yshaazuh,Yes all the way,Everything was understandable,Improve the visual hierarchy,5
78,mn_addr_preprod1atcxvxyd2rzryeaueg0urrrah9jhh0c567w7885l0xlk7al4z9vs3tvexd,Yes all the way,No issues,Add clearer wallet status information,5
79,mn_addr_preprod1z9v4dv5ernsrmdl30a0vakuf9qv6vj0hfg7hz84u7jpyncym923scxygdm,Partly,The loading state made me unsure if it was working,Add a clearer loading indicator,4
80,mn_addr_preprod1jwund695u64d62jq7cwg39hmsjc6q6q9g6el45ua8k23k6ajryfsx2pagw,Yes all the way,No confusing steps,Make the completion message more noticeable,5
